Unnamed: 0,hsa-mir-210,hsa-mir-205,hsa-mir-183,hsa-mir-96,hsa-mir-31,hsa-mir-144,hsa-mir-301b,hsa-mir-182,hsa-mir-338,hsa-mir-503,hsa-mir-891a,hsa-mir-137,hsa-mir-206,hsa-mir-383,hsa-mir-372,hsa-mir-507,hsa-mir-122,hsa-mir-373
TCGA-18-3406-01,7903,16366,3029,11,138,379,2,7317,189,15,1,4,0,0,0,0,0,2
TCGA-18-3407-01,13099,55809,32106,117,67,112,3,50972,822,46,5,1,1,0,0,0,0,1
TCGA-18-3408-01,5242,22002,17351,69,142,123,8,21550,291,21,270,0,0,1,0,0,1,0
TCGA-18-3410-01,2262,20196,44438,212,26,27,7,91264,178,38,36,0,0,1,0,0,14,0
TCGA-18-3411-01,1781,16776,28316,97,148,65,8,35861,445,35,16,1,0,0,0,0,0,0
TCGA-18-3412-01,4488,8631,23986,66,98,131,8,37466,128,38,7,0,0,1,0,0,0,0
TCGA-18-3414-01,2472,19023,6256,27,254,61,2,13498,219,15,1,3,0,1,0,0,0,0
TCGA-18-3415-01,7323,21388,19627,39,2,42,9,18810,168,65,8,1,0,0,0,0,0,0
TCGA-18-3416-01,6514,37273,15813,100,115,182,17,25717,372,58,0,0,0,0,1,1,0,0
TCGA-18-3417-01,2636,15452,36794,52,38,143,3,55068,297,7,7,0,0,0,0,0,0,0
TCGA-18-3419-01,2872,9661,14997,34,15,26,30,14037,85,26,5,0,0,0,0,0,0,0
TCGA-18-3421-01,6184,16927,33185,52,1110,150,29,26912,458,103,55,3,0,2,0,0,0,0
TCGA-18-4086-01,5639,19029,25672,35,5,123,11,32816,268,10,375,0,0,0,0,1,1,0
TCGA-18-4721-01,3154,13525,27778,21,28,183,18,28181,316,8,20,1,1,1,0,13,4,0
TCGA-18-5592-01,7300,48789,36435,83,0,77,5,44612,127,9,67,0,0,0,0,0,0,0
TCGA-18-5595-01,19487,24593,21052,44,154,182,6,27741,516,13,2,0,0,0,0,0,0,0
TCGA-21-1075-01,18371,29095,107114,109,110,135,27,89167,431,8,239,0,0,32,0,0,2,0
TCGA-21-1076-01,2269,7300,25809,65,9,158,3,51130,1088,16,51,1,0,0,12,0,2,2
TCGA-21-1077-01,3577,15135,34969,77,14,178,6,59332,725,26,154,0,3,77,0,0,0,1
TCGA-21-1078-01,6859,33027,26036,101,1,64,5,60812,192,17,5,0,0,0,0,0,0,0
TCGA-21-1079-01,5949,53544,22016,75,1218,341,8,61411,322,52,1,9,0,0,0,0,0,0
TCGA-21-1080-01,3052,34007,24655,47,47,229,4,35185,531,6,9,0,3,0,0,0,0,0
TCGA-21-1083-01,4827,27505,16316,48,7,107,10,27157,257,8,1,1,1,0,0,0,0,0
TCGA-21-5782-01,28487,89055,86623,138,26,103,43,95124,1253,93,56,1,0,0,0,0,0,0
TCGA-21-5784-01,9395,75286,21443,64,21,348,4,41121,3680,29,34,0,0,1,0,1,0,1
TCGA-21-5786-01,10502,73137,20203,30,122,18,19,25867,514,67,70,5,0,0,5,0,0,4
TCGA-21-5787-01,2774,401,21785,56,465,53,4,31704,7126,10,5,0,0,0,1,0,0,0
TCGA-21-A5DI-01,6837,109190,67383,209,666,348,9,143144,1329,48,1,4,0,0,0,0,0,0
TCGA-22-0940-01,3498,21440,7301,22,137,69,1,18341,856,4,1,0,1,0,0,0,0,0
TCGA-22-1011-01,4339,13546,9108,13,51,67,4,18518,424,15,5,0,1,0,11,0,0,1
TCGA-22-1012-01,4339,16605,24166,39,18,21,3,24617,382,11,7,1,0,0,0,0,0,0
TCGA-22-4591-01,19860,32601,78474,111,121,79,49,50641,620,55,4,8,0,0,0,0,0,0
TCGA-22-4594-01,3012,121,30669,114,13,37,9,68463,485,27,0,3,0,0,0,0,0,0
TCGA-22-4595-01,5245,12886,13643,7,91,28,15,12945,657,11,48,0,0,0,0,0,0,0
TCGA-22-4596-01,2796,852,52091,92,54,103,4,98969,1028,15,64,11,0,0,1,0,0,0
TCGA-22-4601-01,3816,16247,31228,45,8,33,13,48864,452,4,14,0,0,0,0,1,0,0
TCGA-22-4604-01,6406,25444,20871,43,7,15,10,28883,207,18,0,3,0,9,0,0,0,0
TCGA-22-4607-01,3876,34221,62050,127,132,37,10,82723,585,25,9,2,0,0,0,0,0,0
TCGA-22-4613-01,4856,7064,43791,34,6,90,28,44646,200,6,20,0,0,0,0,0,0,0
TCGA-22-5471-01,3933,31111,19912,57,7,45,5,32922,555,19,2,2,0,0,1,2,0,0
TCGA-22-5472-01,8435,33036,16978,92,190,73,2,44428,1715,16,26,0,0,0,0,1,0,0
TCGA-22-5473-01,7740,36775,54039,113,21,12,13,86704,487,20,3,2,0,0,1,5,1,0
TCGA-22-5474-01,5666,19442,53329,90,47,67,11,87664,206,37,85,0,0,0,0,0,0,1
TCGA-22-5477-01,13533,58718,202713,388,77,248,72,254991,827,39,745,0,0,134,0,3,2,0
TCGA-22-5478-01,7294,34266,78442,157,24,85,40,75968,810,21,1442,43,0,0,0,0,0,0
TCGA-22-5480-01,3663,24161,18586,71,13,47,5,42205,454,15,14,0,4,85,1,1,1,0
TCGA-22-5482-01,16019,59273,29455,58,151,292,10,35873,300,10,18,1,0,0,0,15,0,0
TCGA-22-5483-01,2777,7572,327778,356,86,1571,5,401431,682,27,22,9,0,1,2,0,3,0
TCGA-22-5485-01,10437,46692,64701,76,57,18,18,53460,619,24,1382,0,0,0,0,1,0,0
TCGA-22-5489-01,11996,48474,40993,108,13,140,5,103045,1026,65,10,1,1,7,0,0,1,0
TCGA-22-5491-01,9226,40833,59978,125,30,39,12,98739,388,23,45,0,0,1,0,0,0,0
TCGA-22-5492-01,16650,43629,76603,207,149,76,9,146955,1226,74,2,5,0,0,0,1,0,0
TCGA-22-A5C4-01,3794,32119,91627,183,355,229,41,262520,2965,70,4,14,0,0,0,0,0,0
TCGA-33-4532-01,9634,22857,63622,74,31,81,42,56520,631,23,4,1,0,0,0,0,0,0
TCGA-33-4533-01,7785,5036,13740,26,270,163,31,23587,2596,53,6,30,19,76,0,0,3,0
TCGA-33-4538-01,2409,8523,11995,29,23,440,7,16725,332,12,108,0,0,1,0,0,0,0
TCGA-33-4547-01,4297,21725,31269,48,20,237,9,55462,723,16,14,1,0,0,0,0,0,0
TCGA-33-4566-01,753,7348,8099,27,2,69,4,14288,483,13,0,4,0,0,0,0,0,0
TCGA-33-4582-01,3569,18320,23191,40,5,374,12,26804,286,7,2,2,1,0,0,0,0,0
TCGA-33-4583-01,6552,22773,8839,28,282,30,4,19900,403,5,14,0,0,0,0,8,0,0
TCGA-33-4586-01,4344,44341,24421,46,3,13,1,38863,256,2,236,0,0,0,1,0,0,0
TCGA-33-4587-01,28622,2103,327223,557,152,84,27,428870,420,17,14,1,0,1,4,0,0,0
TCGA-33-4589-01,3336,14987,6955,8,1084,223,2,13378,237,13,5,0,0,0,0,0,0,0
TCGA-33-6737-01,1466,4152,120107,92,299,187,4,132025,9404,9,111,0,0,0,0,0,1,0
TCGA-33-6738-01,9972,140204,143946,228,11,861,22,225993,5820,17,4,0,0,0,0,0,0,0
TCGA-33-A4WN-01,6058,59770,24397,85,20,347,5,45436,773,11,1,1,0,1,1,0,0,0
TCGA-33-A5GW-01,9797,94810,43620,178,199,141,6,166857,1714,10,17,9,1,2,1,1,0,0
TCGA-33-AAS8-01,19407,84549,101975,400,1,2422,32,135461,1628,26,1747,0,0,0,1,60,0,1
TCGA-33-AASB-01,12020,6472,132208,435,251,95,11,168914,2050,39,11,1,0,5,2,0,1,1
TCGA-33-AASD-01,24020,106615,68773,189,1011,707,21,91370,954,29,4,2,1,0,0,0,0,0
TCGA-33-AASI-01,1523,85852,49693,175,892,130,16,71754,1961,34,2,1,0,1,0,0,0,0
TCGA-33-AASJ-01,15130,72450,35697,166,92,985,22,39269,1241,34,4,2,2,1,0,0,0,0
TCGA-33-AASL-01,10374,60403,91033,338,94,711,12,160254,6333,79,185,9,6,0,1,3,347,0
TCGA-34-2596-01,2291,16671,65763,176,31,954,2,111852,1438,14,436,5,0,2,0,21,0,0
TCGA-34-2600-01,4594,41693,123591,210,5,2306,39,223426,465,27,69,0,0,0,0,3,0,0
TCGA-34-5234-01,7711,40176,39125,105,1138,1016,12,84845,5595,226,69,1,0,0,4,0,0,0
TCGA-34-5240-01,6708,20140,95599,177,295,61,5,190577,399,22,80,0,0,12,0,10,0,0
TCGA-34-5241-01,2745,7559,18366,16,27,295,6,28856,1205,10,37,12,0,0,0,0,0,0
TCGA-34-5927-01,7733,67412,442809,300,91,49,28,744137,491,3,258,4,0,4,0,0,0,0
TCGA-34-5928-01,2365,54672,105648,68,57,36,16,121425,419,14,13,6,0,4,0,0,0,0
TCGA-34-5929-01,3042,120443,294441,352,10,46,25,534446,421,15,10,2,0,2,1,0,0,0
TCGA-34-7107-01,11530,86889,36916,59,18,361,12,43788,1084,18,3,0,0,0,0,0,0,0
TCGA-34-8454-01,5834,41930,22690,15,3,86,7,31522,1133,14,26,5,0,0,0,0,0,0
TCGA-34-8455-01,12663,69195,22051,28,778,241,8,35331,2712,7,5,0,0,0,1,0,0,0
TCGA-34-A5IX-01,5633,63025,49075,223,79,245,11,189483,4636,13,9,136,3,0,0,0,1,1
TCGA-37-3783-01,11824,82655,24854,22,87,120,4,18975,1733,98,2,5,0,0,0,0,1,0
TCGA-37-3792-01,3364,2595,8487,66,1284,126,0,17991,1139,36,1,134,0,0,42,0,0,3
TCGA-37-4130-01,1574,57,5857,10,6,111,2,13995,270,17,4,1,0,0,15874,0,2756,2294
TCGA-37-4133-01,4368,44074,65392,101,208,225,13,102530,253,22,11,5,0,0,5,0,1,0
TCGA-37-4135-01,11375,4375,35700,64,127,128,21,76451,267,14,0,1,0,0,3,0,1,0
TCGA-37-5819-01,6191,716,50482,90,82,28,57,53519,319,69,12,0,0,0,0,0,0,3
TCGA-37-A5EL-01,15736,25271,18480,131,79,191,1,76590,1302,29,0,13,0,0,0,0,1,0
TCGA-37-A5EM-01,3145,42083,65987,145,75,93,12,200703,1241,23,1,24,0,0,0,0,2,0
TCGA-37-A5EN-01,4052,43562,32368,107,10,275,17,91286,1891,15,120,2,1,31,3,0,0,0
TCGA-39-5011-01,4729,9335,57239,104,127,224,17,82409,954,147,4,49,0,0,0,0,0,0
TCGA-39-5019-01,4352,40635,160782,164,26,1220,8,185229,1595,48,259,5,1,0,1,0,0,1
TCGA-39-5021-01,1780,8478,23229,37,25,61,7,24023,260,12,23,0,0,1,0,0,0,0
TCGA-39-5028-01,2955,24775,9918,17,263,117,2,16932,381,9,50,3,0,0,0,0,0,0
TCGA-39-5029-01,4589,6946,19161,26,95,78,6,27537,497,8,62,0,0,0,0,0,0,3
TCGA-39-5030-01,1438,19107,25354,73,29,81,1,59525,373,21,17,0,0,9,0,0,0,0
TCGA-39-5031-01,4229,7191,48981,67,30,209,25,57484,1787,19,46,2,0,12,1,0,2,0
TCGA-39-5034-01,2074,156,20471,37,37,123,12,29887,124,22,5,0,0,0,0,0,0,0
TCGA-39-5035-01,1638,13685,50281,178,2093,287,3,144279,525,21,1,0,0,0,0,0,0,0
TCGA-39-5036-01,4913,13857,24268,36,63,165,15,37157,637,4,4,0,6,0,0,1,1,0
TCGA-39-5037-01,4249,41355,17025,72,5,591,40,21368,566,7,34,0,1,1,0,1,0,0
TCGA-39-5039-01,1985,11962,10658,17,141,61,3,19070,901,4,1,5,0,0,0,0,0,0
TCGA-43-2576-01,4017,784,35827,68,45,207,3,63634,482,23,1,11,2,0,30,0,0,24
TCGA-43-2578-01,5294,8513,218260,204,284,249,66,165140,1680,31,73,4,0,0,0,0,3,1
TCGA-43-2581-01,1418,55,39627,62,53,217,15,56271,790,28,1,4,0,0,11,1,2,0
TCGA-43-3394-01,37097,30854,90247,465,25,169,14,150798,1378,57,179,7,0,2,0,0,0,2
TCGA-43-3920-01,6303,12649,13884,33,73,106,11,19203,146,40,2,18,0,0,0,0,0,0
TCGA-43-5668-01,3510,214,22626,75,2,158,19,50156,35096,87,7,43,0,0,3,0,0,1
TCGA-43-6143-01,7262,88930,118923,109,330,1394,33,157348,332,44,19,0,0,68,0,0,0,0
TCGA-43-6647-01,1513,48379,104969,53,12,174,8,123556,780,12,4,12,0,0,1,0,0,0
TCGA-43-6770-01,3107,46480,96790,31,8,186,19,95938,209,11,377,2,1,141,0,0,0,0
TCGA-43-6771-01,5126,115854,14794,15,1,251,1,31828,361,22,0,3,1,0,2,0,0,0
TCGA-43-7656-01,4592,42031,27967,98,29,153,13,50629,528,25,9,3,0,0,0,0,0,0
TCGA-43-7658-01,13156,1030,16194,103,49,644,17,40341,1841,8,2,1,0,0,0,1,0,0
TCGA-43-8115-01,8948,25055,76310,194,77,1903,48,121432,1348,105,51,10,1902,1,0,0,0,0
TCGA-43-8116-01,6838,87966,37762,110,21,144,15,61822,1013,19,5,4,1,3,0,1,0,0
TCGA-43-8118-01,16151,24106,23337,39,11,205,15,30242,3935,22,7,1,0,0,0,1,1,0
TCGA-43-A474-01,14281,110623,108217,226,429,599,36,180922,2392,32,1,28,0,0,0,0,0,0
TCGA-43-A475-01,3868,64395,12044,50,47,1088,11,28953,2249,47,126,0,0,2,0,7,0,0
TCGA-43-A56U-01,8701,24032,41788,162,69,1626,24,90930,2689,21,1431,54,2,0,1,1,0,1
TCGA-46-3765-01,7770,7423,6802,15,5,64,20,8573,130,16,14,0,0,0,0,0,0,0
TCGA-46-3766-01,2844,3976,6379,12,50,42,0,11847,374,23,7,2,0,0,1,0,0,0
TCGA-46-3767-01,1585,4006,8856,8,11,54,1,20541,300,10,8,1,0,0,0,0,0,0
TCGA-46-3768-01,4191,11437,71403,136,5,103,13,67823,308,47,21,0,0,2,0,0,0,0
TCGA-46-3769-01,821,2845,6419,59,237,98,5,13683,336,67,0,25,0,0,1,0,0,1
TCGA-46-6025-01,3049,53736,36102,58,546,179,8,52563,347,8,13,29,0,4,1,0,0,0
TCGA-46-6026-01,5355,94627,93889,154,15,279,9,248493,212,8,68,0,1,0,2,4,1,0
TCGA-51-4079-01,6881,16111,27714,54,129,245,3,56319,567,9,7,0,0,0,0,1,0,0
TCGA-51-4080-01,3225,29208,149817,205,45,703,28,203743,637,14,104,0,0,20,0,5,1,0
TCGA-51-4081-01,3585,13559,44542,59,8,113,8,61321,264,9,656,0,0,1,0,0,1,0
TCGA-51-6867-01,16103,142236,65386,134,35,1477,39,83115,2939,16,787,3,1,12,0,0,0,0
TCGA-52-7622-01,7717,42815,47117,109,344,818,9,69607,5481,11,150,0,0,2,0,1,0,0
TCGA-52-7810-01,11287,252127,73578,127,130,1140,57,87156,1212,57,6,13,1,0,1,0,0,1
TCGA-52-7811-01,14669,44884,19314,40,628,305,25,24380,3242,26,3,22,0,0,3,3,0,2
TCGA-52-7812-01,14546,1328,47900,166,7,927,13,90384,1965,40,8,6,0,0,8,0,0,3
TCGA-56-1622-01,5014,31091,50556,88,113,188,53,66450,241,32,16,0,0,0,0,0,1,0
TCGA-56-5897-01,8222,18571,13394,18,123,47,7,22497,524,64,24,2,0,0,0,0,0,0
TCGA-56-5898-01,9268,44514,27532,97,47,475,13,53113,1440,47,4,1,0,0,0,1,0,0
TCGA-56-6545-01,1114,30248,20786,14,68,226,2,43372,468,47,1,0,1,0,1,0,0,0
TCGA-56-6546-01,1694,7473,95386,105,12,761,4,106802,1472,29,57,0,1,5,331,0,0,27
TCGA-56-7221-01,15307,93393,96925,267,19,576,17,194682,2185,11,254,0,0,1,1,9,1,0
TCGA-56-7222-01,12364,72814,114507,190,416,346,39,167404,2542,14,11,0,0,3,0,7,0,0
TCGA-56-7223-01,13240,8466,121492,236,122,82,41,161189,2405,48,512,5,0,142,0,1,0,1
TCGA-56-7579-01,8242,199597,100439,303,93,110,66,167790,2259,31,9,5,4,0,0,0,0,1
TCGA-56-7582-01,7204,55978,52168,129,63,180,4,91682,549,13,172,1,1,0,1,0,0,0
TCGA-56-7822-01,11295,81841,14487,35,578,80,5,23643,1168,9,6,17,0,1,0,0,0,0
TCGA-56-8201-01,2559,22845,11650,28,52,124,49,17299,1364,34,1,2,0,1,0,0,0,0
TCGA-56-8304-01,14941,43449,36534,72,292,922,26,38290,851,6,8,5,0,0,0,0,0,0
TCGA-56-8305-01,28090,91716,62852,155,6,346,34,124674,1661,28,38,6,1,1,15,0,0,25
TCGA-56-8307-01,3596,95011,264963,497,1,112,38,460743,1021,26,347,0,0,14,1,1,0,1
TCGA-56-8308-01,1925,18517,19492,25,17,318,7,26446,218,2,5,0,2,0,0,0,0,0
TCGA-56-8309-01,2917,19690,19813,45,10,124,2,47001,654,9,36,9,1,0,0,0,0,0
TCGA-56-8503-01,4961,32022,14870,14,170,81,6,19805,2171,33,27,1,0,0,2,0,0,1
TCGA-56-8504-01,7688,33130,39641,28,53,602,22,35041,1095,22,0,0,0,0,0,0,0,0
TCGA-56-8622-01,6825,97116,29636,60,85,111,5,58654,1243,2,3,2,1,0,0,3,0,0
TCGA-56-8623-01,202,1331,9762,3,6,1389,3,21801,6118,4,32,0,1,0,0,0,0,0
TCGA-56-8624-01,4816,45369,10979,44,306,280,2,32365,2014,5,47,5,0,0,1,6,0,0
TCGA-56-8625-01,24845,7211,39823,76,51,115,32,59553,1736,62,99,1,0,0,0,0,3,2
TCGA-56-8626-01,8048,97332,30135,95,379,1820,8,57531,3242,23,12,35,2,1,1,1,0,20
TCGA-56-8628-01,6979,60803,79945,120,86,537,42,138713,3613,17,13,0,4,0,1,17,0,1
TCGA-56-8629-01,8641,54493,52747,85,79,300,17,71669,1675,38,6,116,1,0,2,0,0,6
TCGA-56-A4BW-01,3995,52629,12261,27,42,150,11,30236,1670,10,2,37,0,0,0,0,0,0
TCGA-56-A4BX-01,14291,59100,78236,220,17,203,21,162688,593,15,103,1,0,0,0,0,0,0
TCGA-56-A4BY-01,20565,96002,95526,218,218,1515,18,182803,2803,35,396,9,3,2,1,0,0,0
TCGA-56-A4ZJ-01,4582,31546,21482,109,306,734,6,68297,7372,74,23,10,1,0,0,2,0,0
TCGA-56-A4ZK-01,20711,77094,40234,92,92,175,9,75573,1407,29,4371,3,0,0,0,0,0,0
TCGA-56-A5DR-01,2698,33773,55882,158,340,218,5,247413,1602,19,2,3,0,0,0,0,0,0
TCGA-56-A62T-01,10213,76023,158470,249,1426,925,24,205232,2938,54,97535,60,6,17,0,0,222,0
TCGA-58-8386-01,4945,28000,20359,70,459,1726,4,36491,4573,15,0,7,1,0,0,0,0,0
TCGA-58-8387-01,5735,21872,31214,52,7,66,28,30884,823,17,0,0,1,7,2,0,0,0
TCGA-58-8388-01,9916,57198,26354,75,68,234,13,63066,1647,14,0,0,1,9,0,1,0,1
TCGA-58-8390-01,10991,175790,149287,493,9,1545,29,381815,2943,66,2,5,0,0,0,1,0,0
TCGA-58-8391-01,4938,97640,76875,169,2,107,14,99688,1512,19,53,13,0,0,0,0,0,0
TCGA-58-8392-01,23910,65234,136515,127,2,676,41,133007,2161,53,18,3,0,11,0,0,0,0
TCGA-58-8393-01,10166,64393,34239,22,354,487,7,44923,2042,27,62,1,0,0,0,0,0,0
TCGA-58-A46J-01,7157,51439,58972,75,126,353,15,88789,6828,38,39,0,0,1,2,2,0,0
TCGA-58-A46K-01,9520,59349,127588,303,217,135,25,217504,857,26,130,0,0,4,1,5,0,2
TCGA-58-A46L-01,13554,49152,60458,121,8,84,7,98520,1618,38,102,0,0,0,0,1,0,0
TCGA-58-A46M-01,12490,41617,55306,251,69,90,7,140858,1369,42,2,2,0,15,0,31,0,0
TCGA-58-A46N-01,8798,83576,112815,284,237,687,14,163047,532,21,45,0,0,0,1,0,2,1
TCGA-60-2695-01,7774,1482,69419,211,19,384,49,142041,422,11,11,3,0,0,0,2,0,0
TCGA-60-2696-01,1256,20444,11344,28,216,604,5,22157,1234,7,1,6,0,0,0,0,0,0
TCGA-60-2697-01,637,1707,16798,35,7,411,4,33079,5195,7,12,2,4,0,0,0,0,0
TCGA-60-2698-01,2251,5702,33830,57,406,1958,1,53988,3219,43,0,4,0,0,2,0,0,0
TCGA-60-2703-01,4497,43455,24821,20,66,1060,18,25871,2245,11,18,11,2,0,0,0,0,0
TCGA-60-2704-01,14941,20232,33518,62,20,464,10,60687,3171,32,68,10,0,13,0,0,0,0
TCGA-60-2706-01,2564,3170,39471,74,266,441,5,41055,627,17,2,0,0,0,0,0,0,0
TCGA-60-2708-01,7983,28712,56578,94,143,112,12,67920,430,57,30,29,0,0,0,0,0,0
TCGA-60-2710-01,5371,14563,39887,81,1,240,15,74140,953,11,55,0,0,1,0,0,0,0
TCGA-60-2711-01,8108,15364,61871,122,18,262,19,93673,461,24,100,0,0,0,0,0,0,0
TCGA-60-2712-01,3122,12004,6359,21,4,56,4,16543,384,21,0,0,0,1,16,0,2,2
TCGA-60-2713-01,7083,8736,21421,50,27,49,7,41910,186,11,119,4,0,3,1,0,0,0
TCGA-60-2714-01,6761,194,25511,53,5,388,11,45357,697,8,19,20,0,0,189,1,0,51
TCGA-60-2716-01,1498,61964,17920,73,284,109,1,49831,330,2,2,0,0,0,0,0,1,0
TCGA-60-2719-01,7034,18280,55902,80,17,356,38,62291,871,40,3,0,0,0,0,0,0,0
TCGA-60-2720-01,2797,18523,36503,80,272,1371,7,69092,2868,33,14,29,2,0,1,0,0,0
TCGA-60-2721-01,3889,38414,43227,86,15,107,8,85338,531,12,2,0,0,0,1,0,1,0
TCGA-60-2722-01,11703,59340,60576,108,4,180,8,83456,409,7,350,0,2,0,0,4,0,0
TCGA-60-2723-01,3609,21072,71815,71,60,206,17,69813,1022,19,22,0,1,20,13,0,3,7
TCGA-60-2724-01,3446,17993,22362,16,194,103,24,18295,805,18,1,38,0,1,0,0,0,0
TCGA-60-2725-01,1973,22758,39142,74,13,511,3,44529,1098,16,12,2,0,1,0,0,0,0
TCGA-63-5128-01,9349,18898,46461,51,6,186,7,60644,314,3,1116,0,0,0,0,0,0,0
TCGA-63-5131-01,3228,23957,19581,24,3,32,4,22463,433,0,4,1,0,0,0,0,0,0
TCGA-63-6202-01,2928,237,160238,83,12,4025,15,193108,720,56,1,11,1,0,565,0,0,16
TCGA-63-7020-01,36465,105966,145522,371,2839,1709,19,269834,4468,71,38,3,8,0,2,2,2,0
TCGA-63-7021-01,12479,160082,64749,135,12,620,27,87045,1458,22,9,4,1,0,0,0,0,0
TCGA-63-7022-01,19921,50759,65775,75,168,406,27,103185,1761,69,63,4,4,0,4,0,41,0
TCGA-63-A5M9-01,4596,29774,30042,111,116,96,14,80393,1232,11,1125,8,0,90,0,1,0,0
TCGA-63-A5MB-01,8501,43309,88005,299,10,1054,19,240072,2690,24,63,0,0,2,0,1,17,0
TCGA-63-A5MG-01,5336,47660,39448,112,319,393,3,145403,5460,14,84,103,22,1,2,0,0,0
TCGA-63-A5MH-01,15652,96365,64946,248,80,2210,20,234282,2142,121,5,21,0,2,0,0,5,0
TCGA-63-A5MI-01,4344,40239,54423,95,43,210,15,148982,2482,47,9,10,0,16,0,0,0,0
TCGA-63-A5MJ-01,3052,30624,40165,168,10,618,2,169651,1087,14,4,2,0,0,0,0,0,0
TCGA-63-A5ML-01,3883,44392,69955,209,72,44,14,251880,2286,5,4887,3,0,0,0,1,0,0
TCGA-63-A5MM-01,7602,54420,8621,43,912,1590,3,31838,4425,198,26,2,15,0,1,0,0,1
TCGA-63-A5MP-01,3444,57036,57202,150,34,456,48,103762,4072,61,168,0,3,13,0,2,0,0
TCGA-63-A5MR-01,18116,87406,16698,81,1623,120,12,66501,4163,17,37,5,1,0,1,0,0,0
TCGA-63-A5MS-01,6939,49085,17345,51,125,1043,13,40373,4430,38,5,3,0,0,1,0,0,0
TCGA-63-A5MT-01,2558,116607,21897,57,371,77,8,55721,2938,20,5,1,0,0,2,0,0,1
TCGA-63-A5MU-01,16986,114754,66102,285,1305,396,7,141166,833,14,11,1,0,0,0,0,0,0
TCGA-63-A5MV-01,12500,77424,20661,81,54,233,39,46550,1815,38,21,84,1,0,0,0,0,0
TCGA-63-A5MW-01,6123,51640,47374,295,938,193,33,136727,1715,69,1,44,0,125,0,0,1,0
TCGA-63-A5MY-01,17241,110095,191425,473,0,272,18,358916,815,26,8,0,0,0,0,0,1,2
TCGA-66-2727-01,2169,19879,50270,90,101,252,20,62779,639,33,50,2,0,0,0,1,0,0
TCGA-66-2734-01,6423,10846,11801,34,275,19,3,16924,438,31,4,9,0,0,0,0,0,0
TCGA-66-2737-01,7959,16331,35008,64,9,77,4,48513,290,50,207,0,0,32,0,0,0,0
TCGA-66-2742-01,5708,5612,12061,23,6,261,4,15574,169,8,1,27,0,0,0,0,0,0
TCGA-66-2744-01,4848,10162,12932,43,654,223,17,20044,828,219,1,1,1,1,2,0,0,0
TCGA-66-2754-01,3590,109,22146,66,26,82,40,22415,43,4,2,6,1,0,0,0,0,0
TCGA-66-2755-01,2803,16823,8438,12,24,74,4,10823,583,14,4,0,0,11,12,0,11,1
TCGA-66-2759-01,14180,57341,32461,40,6,87,6,36293,382,14,3,0,0,0,0,0,0,0
TCGA-66-2763-01,4486,22682,24148,37,149,132,12,31814,685,57,7,0,0,0,0,0,0,0
TCGA-66-2765-01,10842,19638,10624,49,160,105,11,25044,539,12,1,0,0,0,0,0,0,0
TCGA-66-2766-01,7728,27498,72819,104,73,232,16,117536,357,26,2,0,0,1,0,0,0,0
TCGA-66-2767-01,2643,17149,26011,68,22,803,7,55814,1845,15,1,0,0,0,0,0,0,0
TCGA-66-2768-01,4171,39612,19256,31,829,448,23,27689,1714,22,20,1,0,0,1,0,0,0
TCGA-66-2770-01,4894,20032,10948,20,65,100,2,20788,544,14,246,0,0,0,8,1,0,0
TCGA-66-2771-01,3504,13483,4356,18,2,159,3,7092,521,21,0,0,0,0,0,0,0,0
TCGA-66-2777-01,4724,19363,25768,53,102,618,9,30954,1375,20,22,1,0,0,0,1,0,2
TCGA-66-2780-01,4879,24418,32224,44,16,110,3,60524,747,7,3,26,0,0,0,0,0,0
TCGA-66-2781-01,3022,33523,48645,54,8,890,12,60514,1154,11,1,2,0,0,0,0,0,0
TCGA-66-2782-01,2078,40521,60275,127,990,66,11,105656,883,14,2,26,0,0,0,0,0,0
TCGA-66-2783-01,9955,43130,19470,69,20,327,2,42202,334,7,192,0,1,0,1,0,0,0
TCGA-66-2785-01,2936,16633,60496,163,3,112,5,109660,2360,51,7,0,0,0,0,0,0,1
TCGA-66-2786-01,5911,13769,25003,55,232,183,5,58558,1045,18,23,4,0,0,0,1,0,0
TCGA-66-2787-01,3734,10107,41341,97,11,212,4,36876,129,29,753,0,1,1,0,0,0,0
TCGA-66-2788-01,7872,21524,17827,75,630,150,17,26735,430,62,126,8,0,0,0,0,0,0
TCGA-66-2789-01,3028,32407,42124,88,78,283,11,59102,781,61,3,0,0,0,0,0,0,0
TCGA-66-2790-01,5279,20424,18440,59,79,421,11,27569,740,39,31,5,0,1,26,0,0,18
TCGA-66-2791-01,3703,9082,14099,48,55,50,7,21573,165,12,238,1,0,1,0,4,0,0
TCGA-66-2792-01,8517,10596,28239,52,85,182,27,25541,153,105,23,2,0,0,1,0,0,0
TCGA-66-2793-01,3171,22079,90592,100,4,307,28,105772,431,14,12,6,0,0,0,0,0,0
TCGA-66-2794-01,2335,17300,45629,110,6,407,10,88985,454,25,141,0,0,1,1,0,1,0
TCGA-66-2800-01,3182,11412,23015,6,12,348,3,18366,508,25,153,0,0,7,0,0,0,0
TCGA-68-7755-01,15902,37034,35271,60,13,381,5,42176,511,28,38,0,2,0,2,1,0,2
TCGA-68-7756-01,15857,42759,52785,94,994,252,4,92926,1988,17,19,0,1,0,2,1,0,0
TCGA-68-7757-01,5541,44578,108560,227,259,285,3,205136,1380,79,6,1,0,0,0,0,0,0
TCGA-68-8250-01,7443,71063,93273,116,150,1915,26,134223,4800,38,5,4,0,0,1,2,3,0
TCGA-68-8251-01,5110,48976,80760,117,26,280,7,128157,2121,10,38,2,0,1,0,0,0,0
TCGA-68-A59I-01,1409,29845,54602,113,83,480,14,96670,1583,48,40,3,1,38,0,0,0,0
TCGA-68-A59J-01,10682,48994,95348,219,59,115,13,192121,4700,72,131,0,2,0,2,1,1,0
TCGA-6A-AB49-01,8742,105872,64028,330,29,743,41,68600,2288,155,22,2,1,0,0,0,2,0
TCGA-70-6722-01,1106,25500,30779,30,143,192,4,53178,1013,30,2,3,1,0,0,0,1,0
TCGA-70-6723-01,5898,61777,220268,232,165,169,7,490061,225,60,1,0,92,1,0,0,0,0
TCGA-77-6842-01,29001,123114,249794,249,3,491,44,363769,3196,160,53,0,1,255,0,0,1,0
TCGA-77-6843-01,5909,192204,155553,229,160,944,36,236580,1538,82,1673,3,0,3,1,42,3,0
TCGA-77-6844-01,9704,205903,29573,16,213,799,26,28444,1071,7,12,0,0,0,0,0,0,0
TCGA-77-6845-01,42922,154616,138322,159,11,100,113,121583,915,36,9,0,0,0,0,1,0,0
TCGA-77-7139-01,3956,127940,93085,183,3,251,19,124268,687,9,18,0,0,1,0,0,0,0
TCGA-77-7141-01,2845,93382,99521,224,64,1441,12,184529,1585,13,368,1,1,3,1,1,0,0
TCGA-77-7142-01,5017,26843,17919,57,9,222,18,16373,2170,18,4,0,0,0,0,3,0,0
TCGA-77-7335-01,9478,41600,40085,137,19,64,3,86493,1252,41,24,0,0,0,1,0,0,0
TCGA-77-7338-01,18503,154254,54476,131,261,143,15,100829,3137,12,165,1,1,0,0,39,0,0
TCGA-77-7463-01,11278,249060,67822,153,69,1073,33,71004,4624,23,27,1,0,5,0,0,0,0
TCGA-77-7465-01,9197,133867,36972,153,190,1049,16,74108,1536,18,0,1,1,162,0,1,0,0
TCGA-77-8007-01,9539,141,21843,42,347,1468,16,36129,738,19,1,2,0,0,0,0,0,0
TCGA-77-8009-01,18748,54645,82559,226,203,151,9,199539,1039,45,8305,10,3,7,0,18,1,0
TCGA-77-8128-01,13976,61038,63509,110,19,547,54,68671,564,12,6,3,2,21,1,1,0,0
TCGA-77-8130-01,6652,54018,23533,44,328,85,1,43193,604,17,3,2,0,0,0,0,0,0
TCGA-77-8131-01,9411,41373,7931,45,34,1132,7,19411,5176,51,18,9,2,1,1,1,0,0
TCGA-77-8133-01,5653,81256,52539,193,25,535,18,118625,1300,18,3,0,0,66,0,0,0,0
TCGA-77-8136-01,24085,38390,12928,20,827,141,23,21732,2522,58,60,19,1,0,0,0,0,0
TCGA-77-8138-01,3678,34351,18775,31,323,23,5,26634,1061,35,2,0,0,1,1,0,0,0
TCGA-77-8139-01,4283,39720,55636,125,177,34,20,67087,538,27,2,0,0,1,0,0,0,0
TCGA-77-8140-01,3062,51873,30437,84,1,87,24,39081,2718,20,4,0,0,0,0,0,0,0
TCGA-77-8143-01,3985,33834,21084,22,31,60,2,24100,639,4,27,0,0,0,0,0,0,0
TCGA-77-8144-01,3235,28858,3652,12,270,15,2,6220,607,6,3,2,0,0,0,0,0,0
TCGA-77-8145-01,19498,97861,29619,97,83,356,9,40567,846,32,641,9,1,6,0,0,0,0
TCGA-77-8146-01,6628,53951,90458,178,447,460,3,178476,2223,4,7,3,2,0,0,1,0,0
TCGA-77-8148-01,10415,66969,67234,155,32,111,16,109031,453,36,5,3,1,84,0,0,0,0
TCGA-77-8150-01,2776,52899,36211,253,10,1181,7,76391,1167,21,0,0,0,0,0,0,0,0
TCGA-77-8153-01,10070,69209,108230,216,47,137,39,121013,857,16,22,2,0,0,0,0,0,0
TCGA-77-8154-01,4008,74484,28462,71,20,43,8,40900,887,20,0,0,0,0,0,0,0,0
TCGA-77-A5FZ-01,1998,1565,7849,33,3,960,1,28757,17354,33,5,5,0,0,3,1,0,0
TCGA-77-A5G1-01,6175,25219,45679,94,240,1221,13,148751,8390,76,27,8,0,0,3,0,0,1
TCGA-77-A5G3-01,19525,98145,157521,422,62,196,150,574283,2098,46,65,3,0,0,0,0,0,0
TCGA-77-A5G6-01,4841,62496,39437,107,0,208,17,131437,1657,55,5,12,1,3,0,1,0,0
TCGA-77-A5G7-01,3914,36747,31281,125,16,340,13,123584,4182,8,0,1,1,0,1,1,0,0
TCGA-77-A5G8-01,6284,130023,30646,196,287,237,7,127366,1838,29,117,27,0,1,0,0,0,0
TCGA-77-A5GA-01,2111,46465,43360,158,26,242,5,144763,3106,9,26,3,3,0,0,1,0,0
TCGA-77-A5GB-01,6088,50653,11123,56,443,78,1,48292,3645,29,16,23,7,0,0,0,0,0
TCGA-77-A5GF-01,4626,71187,170622,400,84,545,13,464885,2817,23,65,1,2,1,0,7,1,0
TCGA-77-A5GH-01,5747,69813,93157,284,7,205,9,333830,1820,20,5,1,1,11,5,0,1,0
TCGA-85-6175-01,1523,16817,29293,28,71,215,2,85877,757,18,15,1,0,0,2,0,0,0
TCGA-85-6560-01,1524,510,28657,13,0,220,4,33744,351,6,2,34,0,3,274,0,0,25
TCGA-85-6798-01,31991,228894,227479,443,208,347,122,274505,1232,101,1323,13,2,7,2,54,0,1
TCGA-85-7696-01,11382,97057,30150,97,159,105,2,64813,850,22,2187,0,2,16,5,1,0,0
TCGA-85-7697-01,7613,64044,23126,51,444,106,24,33404,2465,24,241,5,6,3,4,0,0,0
TCGA-85-7698-01,10617,64291,39131,99,275,370,8,66206,1041,18,42,1,0,0,0,0,0,0
TCGA-85-7699-01,3403,28508,37205,90,59,33,16,66492,727,15,12,2,0,32,0,0,1,0
TCGA-85-7710-01,45075,56019,17953,47,187,54,2,34621,506,5,6,4,0,0,0,0,0,0
TCGA-85-7843-01,7863,42107,33244,55,117,92,4,31757,1148,6,40,3,0,3,4,0,1,1
TCGA-85-7844-01,19960,118746,82556,203,182,2425,22,165753,2863,40,4723,70,1,29,2,8,0,2
TCGA-85-7950-01,15832,56444,53978,160,67,73,37,137119,1134,113,148,8,1,2,0,5,496,0
TCGA-85-8052-01,19626,97036,49513,116,145,123,13,69061,1531,33,31,5,0,28,0,1,1,1
TCGA-85-8070-01,29256,245633,155453,814,133,737,28,415587,456,11,2,0,0,0,0,1,1,0
TCGA-85-8071-01,32592,102554,111386,182,294,131,15,132814,551,51,28,6,0,0,4,1,0,0
TCGA-85-8276-01,4567,10332,14684,23,8,137,5,14765,284,19,2,0,3,0,0,0,0,0
TCGA-85-8288-01,7405,57955,26962,69,32,164,20,34972,617,16,3,3,0,1,0,0,45,0
TCGA-85-8350-01,10105,37850,28569,76,128,1167,8,62156,2597,50,6,4,1,8,0,1,1,10
TCGA-85-8479-01,6746,63598,30464,43,123,62,5,63515,857,7,12,0,0,0,0,0,0,0
TCGA-85-8481-01,5151,47948,47296,49,283,1209,10,71087,1604,22,3,28,0,0,1,0,0,0
TCGA-85-8584-01,4995,2476,23804,59,8,868,5,48308,3146,38,11,0,0,0,0,0,0,0
TCGA-85-A4CL-01,6559,83728,43983,232,8,73,3,110424,891,65,139,7,0,5,1,0,1,0
TCGA-85-A4CN-01,4632,53971,69139,176,16,32,7,114060,622,32,76,0,0,0,0,3,0,0
TCGA-85-A4JB-01,8197,49729,84202,250,327,959,42,128286,2334,97,7,3,0,0,0,0,1,2
TCGA-85-A4JC-01,8975,119829,35541,124,393,132,15,80516,9718,40,46,65,0,0,0,0,0,0
TCGA-85-A4PA-01,1327,703,3925,21,16,2878,8,14229,4120,21,6,0,0,1,0,1,0,1
TCGA-85-A4QQ-01,3437,94381,19618,60,802,182,4,40703,2226,3,73,12,0,0,0,3,0,0
TCGA-85-A4QR-01,8332,99393,129729,455,54,544,48,201096,1063,90,3,3,0,0,0,2,0,0
TCGA-85-A50M-01,8265,39324,58153,265,452,1344,4,168893,2286,99,6,222,7,0,0,0,0,0
TCGA-85-A50Z-01,7429,74255,60266,203,495,122,12,96611,4072,42,0,31,2,0,0,0,0,0
TCGA-85-A510-01,8974,3280,40515,126,1,2769,45,75099,2327,91,615,27,1,0,1,0,1,0
TCGA-85-A511-01,8126,46958,35249,95,70,69,7,66716,2096,49,7,4,0,0,0,0,0,0
TCGA-85-A512-01,8178,40978,65611,211,152,179,12,177518,1157,26,5,2,1,0,0,1,0,0
TCGA-85-A513-01,1507,597,15905,54,12,1119,5,44371,11613,15,7,110,5,1,1,0,1,0
TCGA-85-A53L-01,15553,74251,40930,113,33,258,16,73917,5137,28,8,139,1,0,0,0,1,0
TCGA-85-A5B5-01,6802,56025,80608,354,15,21,11,235140,689,13,295,15,0,3,0,1,1,0
TCGA-90-6837-01,1115,31,13097,14,2,3454,3,34760,22283,29,1,0,22,0,3,0,9,0
TCGA-90-7767-01,14963,160469,64283,120,43,831,41,90440,492,20,119,3,3,101,5,0,6,0
TCGA-90-7769-01,5488,60149,60575,148,52,232,15,86166,400,7,100,1,1,0,0,2,0,0
TCGA-90-A4ED-01,12679,97562,148374,881,22,752,7,588398,706,15,1,5,2,0,0,4,0,0
TCGA-90-A4EE-01,7048,29600,52477,132,2,198,4,95655,1332,49,275,1,0,2,1,1,9,0
TCGA-90-A59Q-01,3424,25714,9451,39,74,22,3,30755,6145,25,2,0,0,0,0,0,0,0
TCGA-92-8063-01,6439,34061,49410,89,191,102,5,66275,994,31,6,89,0,0,1,0,0,1
TCGA-92-8064-01,17263,20655,42064,73,258,219,11,61054,525,24,6,0,1,0,0,0,0,0
TCGA-92-8065-01,1143,25852,12755,18,506,93,0,21906,587,14,35,0,0,0,0,0,0,0
TCGA-94-7033-01,11558,25498,28533,85,1412,255,18,38885,1670,38,13,1,0,0,0,0,0,2
TCGA-94-7557-01,10843,79021,20551,49,1,162,8,33820,1307,26,18,0,0,0,0,1,0,0
TCGA-94-7943-01,7122,27542,89387,204,1,1008,20,181078,2257,32,8,0,4,0,0,0,0,0
TCGA-94-8035-01,12861,139757,54241,68,210,248,20,58937,2345,7,1347,8,0,0,0,0,0,1
TCGA-94-8490-01,6614,58874,45179,81,7,423,8,63646,1651,5,58,0,0,1,0,0,0,0
TCGA-94-8491-01,884,88905,49456,118,23,751,6,94849,3062,23,7,0,16,1,5,0,0,0
TCGA-94-A4VJ-01,11057,149142,14806,38,2530,282,21,29925,2507,64,9,6,0,0,0,0,0,0
TCGA-94-A5I4-01,17820,74114,89567,384,37,244,18,285345,2831,66,3,0,0,0,0,1,0,1
TCGA-94-A5I6-01,7889,46817,129407,176,52,271,19,284483,2832,48,447,6,0,9,0,57,1,9
TCGA-96-7544-01,7322,66074,48508,97,36,378,12,70486,975,23,69,0,0,1,2,0,1,0
TCGA-96-8169-01,784,24362,19706,25,78,159,7,31633,514,14,15,23,1,0,0,0,0,0
TCGA-96-8170-01,1641,20425,9181,32,3,85,4,17076,443,6,4,1,1,0,0,0,0,0
TCGA-96-A4JK-01,10180,56180,50485,146,5,335,5,115141,3389,23,3,0,0,1,0,0,1,0
TCGA-96-A4JL-01,1838,118058,140230,673,42,1382,5,503020,4661,63,660,0,0,11,3,0,0,0
TCGA-98-7454-01,2241,10569,9413,16,316,285,2,15886,3421,10,2,0,0,0,0,0,0,0
TCGA-98-8022-01,2572,57689,38702,125,168,405,5,93788,2788,23,3,1,1,1,1,0,0,13
TCGA-98-8023-01,3733,54158,20405,91,10,144,4,41430,879,8,46,3,0,0,1,0,0,0
TCGA-98-A538-01,22909,27899,29082,103,273,26,6,38763,1068,41,2,5,1,0,0,0,0,0
TCGA-98-A539-01,12019,42177,48952,225,128,834,12,106289,4390,25,5,0,0,0,0,1,0,0
TCGA-98-A53A-01,4092,102662,12761,46,53,31,12,21688,1262,8,179,0,1,6,0,2,0,0
TCGA-98-A53B-01,7790,73162,78140,179,2,467,12,141298,2137,63,11,0,2,0,0,0,2,0
TCGA-98-A53C-01,1476,2644,12015,39,12,2729,4,33072,14129,18,3,0,4,0,0,0,0,0
TCGA-98-A53D-01,1103,445,6449,38,7,1407,3,18229,10344,33,2,1,7,0,0,0,0,0
TCGA-98-A53H-01,809,9002,10858,70,41,2164,3,31550,8415,33,202,3,0,2,1,0,2,0
TCGA-98-A53I-01,3607,42045,59327,256,32,277,3,168677,2763,19,91,0,1,0,1,2,0,0
TCGA-98-A53J-01,12921,128619,35580,210,91,394,2,104329,1736,24,44,17,0,0,3,1,0,0
TCGA-J1-A4AH-01,13900,96607,112481,405,69,460,25,190550,3228,34,1148,2,0,377,3,4,1,7
TCGA-L3-A4E7-01,16703,79438,48338,213,1573,176,9,119584,6050,57,3,0,0,0,0,2,0,0
TCGA-L3-A524-01,10379,62977,114337,345,3,179,64,192699,2734,30,276,2,477,2,0,0,0,0
TCGA-LA-A446-01,10493,59795,63359,251,1,1152,13,140164,5074,10,195,4,0,0,0,0,0,0
TCGA-LA-A7SW-01,3452,154411,36671,75,374,512,27,35075,3241,139,65,58,0,0,5,0,2,1
TCGA-MF-A522-01,4501,103185,42789,187,230,57,10,94050,1562,27,2,1,0,0,0,0,1,0
TCGA-NC-A5HD-01,20619,239907,58344,201,50,92,88,111304,2490,45,0,4,2,0,0,0,0,0
TCGA-NC-A5HE-01,3513,57808,78465,283,36,367,8,221107,1706,21,11,24,0,1,0,0,0,0
TCGA-NC-A5HF-01,21529,103829,98600,237,13,217,9,225494,1998,29,52,136,0,0,3,0,0,0
TCGA-NC-A5HG-01,9495,111232,43656,240,180,181,29,124218,1518,19,1,1,0,0,0,0,0,0
TCGA-NC-A5HH-01,16237,218004,50679,277,191,485,27,139158,1432,65,2,2,1,0,0,1,0,1
TCGA-NC-A5HI-01,8400,64798,101605,303,2,165,24,207300,906,34,6,5,0,0,0,0,0,0
TCGA-NC-A5HJ-01,4758,424,73150,233,89,693,15,185810,14508,14,1,1,0,0,1,0,0,0
TCGA-NC-A5HK-01,12152,184145,18988,105,845,265,11,58122,1054,19,4,2,1,0,478,0,0,76
TCGA-NC-A5HL-01,9286,65126,64634,145,204,194,9,147297,1430,44,9,1,0,0,0,0,0,0
TCGA-NC-A5HM-01,22695,65066,44839,122,2381,146,22,95648,1290,41,4,1,0,0,0,1,0,0
TCGA-NC-A5HN-01,16255,106972,49654,203,134,905,10,138407,323,33,2,0,0,0,0,1,1,0
TCGA-NC-A5HO-01,6309,98605,30225,213,16,63,3,105932,2515,19,4,2,0,0,0,0,0,0
TCGA-NC-A5HP-01,14354,69674,44113,144,24,439,3,126579,1184,39,521,23,0,0,1,0,0,0
TCGA-NC-A5HQ-01,10548,47216,30486,108,524,237,2,92616,2118,25,4,1,1,0,3,0,0,1
TCGA-NC-A5HR-01,8724,70424,82571,360,213,285,13,201233,2528,45,3,11,0,1,1,0,1,0
TCGA-NC-A5HT-01,6674,72913,194967,535,18,283,55,414491,2084,120,203,0,0,0,0,0,1,0
TCGA-NK-A5CR-01,11896,52894,245065,583,25,64,21,495449,1287,19,8,0,0,0,1,0,2,0
TCGA-NK-A5CT-01,11693,55382,45053,102,148,178,3,99288,3296,35,6,4,0,0,0,1,3,0
TCGA-NK-A5CX-01,11799,41133,36545,113,896,49,4,97947,1191,37,17,9,1,0,0,0,0,0
TCGA-NK-A5D1-01,21628,52954,129623,493,523,29,44,281924,6192,22,15,1,0,2,0,0,0,0
TCGA-NK-A7XE-01,5893,99583,32878,102,362,646,17,45299,3124,7,5,0,0,0,0,0,0,0
TCGA-O2-A52N-01,11718,132123,24842,124,1048,37,4,76996,1429,17,12,18,2,0,0,0,0,3
TCGA-O2-A52Q-01,11949,10264,24843,211,847,164,9,79602,1202,123,37,268,0,0,1,0,0,0
TCGA-O2-A52S-01,11146,22065,26223,70,3,60,19,39282,1552,53,1013,0,0,0,0,1,1,0
TCGA-O2-A52V-01,4823,56971,69011,202,63,1100,12,126264,1883,81,33,3,3,0,1,0,0,0
TCGA-O2-A52W-01,4809,65393,41735,145,98,589,13,95696,4144,10,2,9,0,0,1,0,1,0
TCGA-O2-A5IB-01,12972,803,236946,508,2,60,57,662884,698,23,2,1,1,5,0,0,0,0
TCGA-XC-AA0X-01,4751,41498,32772,86,92,722,10,53707,3121,18,35,0,1,0,0,0,0,0
